Workbook
Name Employee: VlookUp!$A$3:$A$18
Name EMPLOYEE_2: Hookup!$B$35:$P$35

Sheet City_and_State
D3: City | E3: State
D4: Mumbai | E4: Maharashtra
D5: Udaipur | E5: Rajasthan
D6: Lucknow | E6: UP | I6: City | J6: Mumbai | K6: Udaipur | L6: Lucknow | M6: Surat | N6: Banaras | O6: Indore | P6: Pune | Q6: Bhopal | R6: Jyotpur | S6: Ahmdabaad | T6: Gorakhpur
D7: Surat | E7: Gujrat | I7: State | J7: Maharashtra | K7: Rajasthan | L7: UP | M7: Gujrat | N7: UP | O7: MP | P7: Maharashtra | Q7: MP | R7: Rajasthan | S7: Gujrat | T7: UP
D8: Banaras | E8: UP
D9: Indore | E9: MP
D10: Pune | E10: Maharashtra
D11: Bhopal | E11: MP
D12: Jyotpur | E12: Rajasthan
D13: Ahmdabaad | E13: Gujrat
D14: Gorakhpur | E14: UP

Sheet VlookUp
A2: Name | B2: Age | C2: Salary | D2: TDS 3% | E2: Pass Out Year | F2: City | G2: State
A3: Ramesh | B3: 21 | C3: 25800 | D3: =3%*C3 -> 774 | E3: 2016 | F3: Mumbai | G3: =VLOOKUP(VlookUp!F3,City_and_State!$D$4:$E$14,2,FALSE) -> Maharashtra | J3: Select the entire range or dataset and Name it as a "Employee" from Name Box.
A4: Mahesh | B4: 43 | C4: 73000 | D4: =3%*C4 -> 2190 | E4: 2014 | F4: Udaipur | G4: =VLOOKUP(VlookUp!F4,City_and_State!$D$4:$E$14,2,FALSE) -> Rajasthan | J4: Remove the blank columns at once.
A5: Suresh | B5: 32 | C5: 54999 | D5: =3%*C5 -> 1649.97 | E5: 2016 | F5: Lucknow | G5: =VLOOKUP(VlookUp!F5,City_and_State!$D$4:$E$14,2,FALSE) -> UP | J5: Make the headers as bold and also make the background light blue.
A6: Jayesh | B6: 24 | C6: 45969 | D6: =3%*C6 -> 1379.07 | E6: 2017 | F6: Surat | G6: =VLOOKUP(VlookUp!F6,City_and_State!$D$4:$E$14,2,FALSE) -> Gujrat | J6: Give a border to the dataset ( or range).
A7: Jitesh | B7: 43 | C7: 65999 | D7: =3%*C7 -> 1979.97 | E7: 2014 | F7: Banaras | G7: =VLOOKUP(VlookUp!F7,City_and_State!$D$4:$E$14,2,FALSE) -> UP | J7: Change the font size of headers at once to 16.
A8: Gitesh | B8: 34 | C8: 85000 | D8: =3%*C8 -> 2550 | E8: 2016 | F8: Indore | G8: =VLOOKUP(VlookUp!F8,City_and_State!$D$4:$E$14,2,FALSE) -> MP | J8: Change the Data to there respected data-type of each column. (e.g. Name is should be "Text")
A9: kamlesh | B9: 32 | C9: 55869 | D9: =3%*C9 -> 1676.07 | E9: 2016 | F9: Mumbai | G9: =VLOOKUP(VlookUp!F9,City_and_State!$D$4:$E$14,2,FALSE) -> Maharashtra | K9: Column | L9: Data Type
A10: Hitesh | B10: 43 | C10: 58399 | D10: =3%*C10 -> 1751.97 | E10: 2014 | F10: Pune | G10: =VLOOKUP(VlookUp!F10,City_and_State!$D$4:$E$14,2,FALSE) -> Maharashtra | K10: Name | L10: Text
A11: Jay | B11: 23 | C11: 45858 | D11: =3%*C11 -> 1375.74 | E11: 2019 | F11: Bhopal | G11: =VLOOKUP(VlookUp!F11,City_and_State!$D$4:$E$14,2,FALSE) -> MP | K11: Age | L11: Number | M11: (* with no decimal values)
A12: ajay | B12: 25 | C12: 46899 | D12: =3%*C12 -> 1406.97 | E12: 2019 | F12: Indore | G12: =VLOOKUP(VlookUp!F12,City_and_State!$D$4:$E$14,2,FALSE) -> MP | K12: Salary | L12: Accounts
A13: Rajesh | B13: 28 | C13: 23500 | D13: =3%*C13 -> 705 | E13: 2016 | F13: Jyotpur | G13: =VLOOKUP(VlookUp!F13,City_and_State!$D$4:$E$14,2,FALSE) -> Rajasthan | K13: City | L13: Text
A14: Sujay | B14: 32 | C14: 38000 | D14: =3%*C14 -> 1140 | E14: 2014 | F14: Ahmdabaad | G14: =VLOOKUP(VlookUp!F14,City_and_State!$D$4:$E$14,2,FALSE) -> Gujrat | K14: State | L14: Text
A15: Sanjay | B15: 43 | C15: 28500 | D15: =3%*C15 -> 855 | E15: 2019 | F15: Surat | G15: =VLOOKUP(VlookUp!F15,City_and_State!$D$4:$E$14,2,FALSE) -> Gujrat
A16: Dhananjay | B16: 20 | C16: 48800 | D16: =3%*C16 -> 1464 | E16: 2019 | F16: Gorakhpur | G16: =VLOOKUP(VlookUp!F16,City_and_State!$D$4:$E$14,2,FALSE) -> UP | J16: Highlight the entire rows whose age is less then 30 in red color.
A17: Nirjay | B17: 37 | C17: 57300 | D17: =3%*C17 -> 1719 | E17: 2014 | F17: Pune | G17: =VLOOKUP(VlookUp!F17,City_and_State!$D$4:$E$14,2,FALSE) -> Maharashtra | J17: Find the TDS 3% of salary for each person.
J20: Use the City_and_State sheet and fill the Sate column of current sheet using lookup.
J21: Handle the N/A or any other error if occure.
J23: Find the following data of "Gitesh" using Vlookup.
J24: Name | K24: Gitesh
J26: Age | K26: =VLOOKUP(A8,A3:G17,2,FALSE) -> 34
J27: Salary | K27: =VLOOKUP(A8,A3:G17,3,FALSE) -> 85000
J28: City | K28: =VLOOKUP(A8,A3:G17,6,FALSE) -> Indore
J29: Pass out Yr | K29: =VLOOKUP(A8,A3:G17,5,FALSE) -> 2016

Sheet Hookup
A1: Name | B1: Ramesh | C1: Mahesh | D1: Suresh | E1: Jayesh | F1: Jitesh | G1: Gitesh | H1: kamlesh | I1: Hitesh | J1: Jay | K1: ajay | L1: Rajesh | M1: Sujay | N1: Sanjay | O1: Dhananjay | P1: Nirjay
A2: Age | B2: 21 | C2: 43 | D2: 32 | E2: 24 | F2: 43 | G2: 34 | H2: 32 | I2: 43 | J2: 23 | K2: 25 | L2: 28 | M2: 32 | N2: 43 | O2: 20 | P2: 37
A3: Salary | B3: 25800 | C3: 73000 | D3: 54999 | E3: 45969 | F3: 65999 | G3: 85000 | H3: 55869 | I3: 58399 | J3: 45858 | K3: 46899 | L3: 23500 | M3: 38000 | N3: 28500 | O3: 48800 | P3: 57300
A4: Pass Out Year | B4: 2016 | C4: 2014 | D4: 2016 | E4: 2017 | F4: 2014 | G4: 2016 | H4: 2016 | I4: 2014 | J4: 2019 | K4: 2019 | L4: 2016 | M4: 2014 | N4: 2019 | O4: 2019 | P4: 2014
A5: City | B5: Mumbai | C5: Udaipur | D5: Lucknow | E5: Surat | F5: Banaras | G5: Indore | H5: Mumbai | I5: Pune | J5: Bhopal | K5: Indore | L5: Jyotpur | M5: Ahmdabaad | N5: Surat | O5: Gorakhpur | P5: Pune
A6: State
B8: Go to "Data Set 1" and copy the entire data and paste by using Transpore property so the data should look like above.
B9: Remove the blank rows at once if any..
B10: Fill the State row use the "City_and_state" sheet while using lookup.
B11: Select the entire range or dataset and Name it as a "Employee_2" from Name Box.
B13: Bold the headers and also make the background light blue.
B14: Give a border to the dataset or range.
B15: Change the font size of headers at once.
B16: Change the Data to there respected data-type of each column. (e.g. Name is should be "Text")
C17: Column | D17: Data Type
C18: Name | D18: Text
C19: Age | D19: Number | E19: (* with no decimal values)
C20: Salary | D20: Accounts
C21: City | D21: Text
C22: State | D22: Text
B24: Highlight the entire rows whose age is less then 30.
B26: Find the following data of "Gitesh" using Hlookup.
B27: Name | C27: Gitesh
B29: Age | C29: =HLOOKUP(C27,B1:P5,2,0) -> 34
B30: Salary | C30: =HLOOKUP(C27,B35:P40,3,FALSE) -> 85000
B31: City | C31: =HLOOKUP(C27,B35:P40,5,FALSE) -> Indore
B32: Pass out Yr | C32: =HLOOKUP(C27,B35:P40,4,FALSE) -> 2016
A35: Name | B35: Ramesh | C35: Mahesh | D35: Suresh | E35: Jayesh | F35: Jitesh | G35: Gitesh | H35: kamlesh | I35: Hitesh | J35: Jay | K35: ajay | L35: Rajesh | M35: Sujay | N35: Sanjay | O35: Dhananjay | P35: Nirjay
A36: Age | B36: 21 | C36: 43 | D36: 32 | E36: 24 | F36: 43 | G36: 34 | H36: 32 | I36: 43 | J36: 23 | K36: 25 | L36: 28 | M36: 32 | N36: 43 | O36: 20 | P36: 37
A37: Salary | B37: 25800 | C37: 73000 | D37: 54999 | E37: 45969 | F37: 65999 | G37: 85000 | H37: 55869 | I37: 58399 | J37: 45858 | K37: 46899 | L37: 23500 | M37: 38000 | N37: 28500 | O37: 48800 | P37: 57300
A38: Pass Out Year | B38: 2016 | C38: 2014 | D38: 2016 | E38: 2017 | F38: 2014 | G38: 2016 | H38: 2016 | I38: 2014 | J38: 2019 | K38: 2019 | L38: 2016 | M38: 2014 | N38: 2019 | O38: 2019 | P38: 2014
A39: City | B39: Mumbai | C39: Udaipur | D39: Lucknow | E39: Surat | F39: Banaras | G39: Indore | H39: Mumbai | I39: Pune | J39: Bhopal | K39: Indore | L39: Jyotpur | M39: Ahmdabaad | N39: Surat | O39: Gorakhpur | P39: Pune
A40: State | B40: =HLOOKUP(B39,City_and_State!$J$6:$T$7,2,FALSE) -> Maharashtra | C40: =HLOOKUP(C39,City_and_State!$J$6:$T$7,2,FALSE) -> Rajasthan | D40: =HLOOKUP(D39,City_and_State!$J$6:$T$7,2,FALSE) -> UP | E40: =HLOOKUP(E39,City_and_State!$J$6:$T$7,2,FALSE) -> Gujrat | F40: =HLOOKUP(F39,City_and_State!$J$6:$T$7,2,FALSE) -> UP | G40: =HLOOKUP(G39,City_and_State!$J$6:$T$7,2,FALSE) -> MP | H40: =HLOOKUP(H39,City_and_State!$J$6:$T$7,2,FALSE) -> Maharashtra | I40: =HLOOKUP(I39,City_and_State!$J$6:$T$7,2,FALSE) -> Maharashtra | ... P40: =HLOOKUP(P39,City_and_State!$J$6:$T$7,2,FALSE) -> Maharashtra

Sheet Sales_data_set
B2: Sales | C2: Commission % | D2: Rating | H2: Sales | J2: Commission % | K2: Rating
B3: 100000 | C3: =VLOOKUP(B3,$H$4:$K$8,3,TRUE) -> 0.02 | D3: =VLOOKUP(B3,$H$4:$K$8,4,TRUE) -> 1 | H3: Min Range | I3: Max Range
B4: 120000 | C4: =VLOOKUP(B4,$H$4:$K$8,3,TRUE) -> 0.04 | D4: =VLOOKUP(B4,$H$4:$K$8,4,TRUE) -> 2 | H4: 10000 | I4: 100000 | J4: 0.02 | K4: 1
B5: 50000 | C5: =VLOOKUP(B5,$H$4:$K$8,3,TRUE) -> 0.02 | D5: =VLOOKUP(B5,$H$4:$K$8,4,TRUE) -> 1 | H5: 100001 | I5: 200000 | J5: 0.04 | K5: 2
B6: 90000 | C6: =VLOOKUP(B6,$H$4:$K$8,3,TRUE) -> 0.02 | D6: =VLOOKUP(B6,$H$4:$K$8,4,TRUE) -> 1 | H6: 200001 | I6: 300000 | J6: 0.06 | K6: 3
B7: 800000 | C7: =VLOOKUP(B7,$H$4:$K$8,3,TRUE) -> 0.1 | D7: =VLOOKUP(B7,$H$4:$K$8,4,TRUE) -> 5 | H7: 300001 | I7: 400000 | J7: 0.08 | K7: 4
B8: 200000 | C8: =VLOOKUP(B8,$H$4:$K$8,3,TRUE) -> 0.04 | D8: =VLOOKUP(B8,$H$4:$K$8,4,TRUE) -> 2 | H8: 400001 | I8: Above | J8: 0.1 | K8: 5
B9: 80000 | C9: =VLOOKUP(B9,$H$4:$K$8,3,TRUE) -> 0.02 | D9: =VLOOKUP(B9,$H$4:$K$8,4,TRUE) -> 1
B10: 90000 | C10: =VLOOKUP(B10,$H$4:$K$8,3,TRUE) -> 0.02 | D10: =VLOOKUP(B10,$H$4:$K$8,4,TRUE) -> 1
B11: 400000 | C11: =VLOOKUP(B11,$H$4:$K$8,3,TRUE) -> 0.08 | D11: =VLOOKUP(B11,$H$4:$K$8,4,TRUE) -> 4 | H11: Use lookups.
B12: 300000 | C12: =VLOOKUP(B12,$H$4:$K$8,3,TRUE) -> 0.06 | D12: =VLOOKUP(B12,$H$4:$K$8,4,TRUE) -> 3 | H12: Base on sales range commission % and rating are give use above table and fill the data.
B13: 450000 | C13: =VLOOKUP(B13,$H$4:$K$8,3,TRUE) -> 0.1 | D13: =VLOOKUP(B13,$H$4:$K$8,4,TRUE) -> 5
B14: 300000 | C14: =VLOOKUP(B14,$H$4:$K$8,3,TRUE) -> 0.06 | D14: =VLOOKUP(B14,$H$4:$K$8,4,TRUE) -> 3
B15: 400000 | C15: =VLOOKUP(B15,$H$4:$K$8,3,TRUE) -> 0.08 | D15: =VLOOKUP(B15,$H$4:$K$8,4,TRUE) -> 4
B16: 500000 | C16: =VLOOKUP(B16,$H$4:$K$8,3,TRUE) -> 0.1 | D16: =VLOOKUP(B16,$H$4:$K$8,4,TRUE) -> 5
B17: 900000 | C17: =VLOOKUP(B17,$H$4:$K$8,3,TRUE) -> 0.1 | D17: =VLOOKUP(B17,$H$4:$K$8,4,TRUE) -> 5
B18: 400000 | C18: =VLOOKUP(B18,$H$4:$K$8,3,TRUE) -> 0.08 | D18: =VLOOKUP(B18,$H$4:$K$8,4,TRUE) -> 4
B21: Sales | C21: Commission % | D21: Rating | H21: Sales | I21: Min Range | J21: 10000 | K21: 100001 | L21: 200001 | M21: 300001 | N21: 400001
B22: 100000 | C22: =HLOOKUP(B22,$J$21:$N$24,3,TRUE) -> 0.02 | D22: =HLOOKUP(B22,$J$21:$N$24,4,TRUE) -> 1 | I22: Max Range | J22: 100000 | K22: 200000 | L22: 300000 | M22: 400000 | N22: Above
B23: 120000 | C23: =HLOOKUP(B23,$J$21:$N$24,3,TRUE) -> 0.04 | D23: =HLOOKUP(B23,$J$21:$N$24,4,TRUE) -> 2 | H23: Commission % | J23: 0.02 | K23: 0.04 | L23: 0.06 | M23: 0.08 | N23: 0.1
B24: 50000 | C24: =HLOOKUP(B24,$J$21:$N$24,3,TRUE) -> 0.02 | D24: =HLOOKUP(B24,$J$21:$N$24,4,TRUE) -> 1 | H24: Rating | J24: 1 | K24: 2 | L24: 3 | M24: 4 | N24: 5
B25: 90000 | C25: =HLOOKUP(B25,$J$21:$N$24,3,TRUE) -> 0.02 | D25: =HLOOKUP(B25,$J$21:$N$24,4,TRUE) -> 1
B26: 800000 | C26: =HLOOKUP(B26,$J$21:$N$24,3,TRUE) -> 0.1 | D26: =HLOOKUP(B26,$J$21:$N$24,4,TRUE) -> 5
B27: 200000 | C27: =HLOOKUP(B27,$J$21:$N$24,3,TRUE) -> 0.04 | D27: =HLOOKUP(B27,$J$21:$N$24,4,TRUE) -> 2 | H27: Use Hlookup and fill the data.
B28: 80000 | C28: =HLOOKUP(B28,$J$21:$N$24,3,TRUE) -> 0.02 | D28: =HLOOKUP(B28,$J$21:$N$24,4,TRUE) -> 1
B29: 90000 | C29: =HLOOKUP(B29,$J$21:$N$24,3,TRUE) -> 0.02 | D29: =HLOOKUP(B29,$J$21:$N$24,4,TRUE) -> 1
B30: 400000 | C30: =HLOOKUP(B30,$J$21:$N$24,3,TRUE) -> 0.08 | D30: =HLOOKUP(B30,$J$21:$N$24,4,TRUE) -> 4
B31: 300000 | C31: =HLOOKUP(B31,$J$21:$N$24,3,TRUE) -> 0.06 | D31: =HLOOKUP(B31,$J$21:$N$24,4,TRUE) -> 3
B32: 450000 | C32: =HLOOKUP(B32,$J$21:$N$24,3,TRUE) -> 0.1 | D32: =HLOOKUP(B32,$J$21:$N$24,4,TRUE) -> 5
B33: 300000 | C33: =HLOOKUP(B33,$J$21:$N$24,3,TRUE) -> 0.06 | D33: =HLOOKUP(B33,$J$21:$N$24,4,TRUE) -> 3
B34: 400000 | C34: =HLOOKUP(B34,$J$21:$N$24,3,TRUE) -> 0.08 | D34: =HLOOKUP(B34,$J$21:$N$24,4,TRUE) -> 4
B35: 500000 | C35: =HLOOKUP(B35,$J$21:$N$24,3,TRUE) -> 0.1 | D35: =HLOOKUP(B35,$J$21:$N$24,4,TRUE) -> 5
B36: 900000 | C36: =HLOOKUP(B36,$J$21:$N$24,3,TRUE) -> 0.1 | D36: =HLOOKUP(B36,$J$21:$N$24,4,TRUE) -> 5
B37: 400000 | C37: =HLOOKUP(B37,$J$21:$N$24,3,TRUE) -> 0.08 | D37: =HLOOKUP(B37,$J$21:$N$24,4,TRUE) -> 4

Sheet cansole1
A1: Sales of Finacial Year 2019-20
A2: Product | B2: Q1 | C2: Q2 | D2: Q3 | E2: Q4
A3: Laptop | B3: 200000 | C3: 200005 | D3: 400000 | E3: 420000
A4: Mobile | B4: 300000 | C4: 350000 | D4: 200000 | E4: 500000
A5: Washing Machine | B5: 120000 | C5: 120001 | D5: 150000 | E5: 160003
A6: Smart Watches | B6: 40000 | C6: 50001 | D6: 40006 | E6: 60007
A7: Tabs | B7: 90000 | C7: 100001 | D7: 80002 | E7: 85003
A8: Smart Pens | B8: 23000 | C8: 25001 | D8: 25002 | E8: 33003

Sheet cansole2
A1: Sales of Finacial Year 2018-19
A2: Product | B2: Q1 | C2: Q2 | D2: Q3 | E2: Q4
A3: Laptop | B3: 100000 | C3: 100005 | D3: 200000 | E3: 320000
A4: Mobile | B4: 200000 | C4: 320000 | D4: 300000 | E4: 700000
A5: Washing Machine | B5: 100000 | C5: 150001 | D5: 150000 | E5: 180003
A6: Smart Watches | B6: 20000 | C6: 50001 | D6: 30006 | E6: 70007
A7: Tabs | B7: 100000 | C7: 100001 | D7: 80002 | E7: 95003
A8: Smart Pens | B8: 20000 | C8: 35001 | D8: 35002 | E8: 43003

Sheet cansole3
A1: Sales of Finacial Year 2017-16
A2: Product | B2: Q1 | C2: Q2 | D2: Q3 | E2: Q4
A3: Laptop | B3: 50000 | C3: 100005 | D3: 200000 | E3: 450000
A4: Mobile | B4: 200000 | C4: 350000 | D4: 300000 | E4: 400000
A5: Washing Machine | B5: 150000 | C5: 160001 | D5: 180000 | E5: 170003
A6: Smart Watches | B6: 20000 | C6: 70001 | D6: 40006 | E6: 60007
A7: Tabs | B7: 70000 | C7: 100001 | D7: 180002 | E7: 85003
A8: Smart Pens | B8: 20000 | C8: 24001 | D8: 35002 | E8: 33003

Sheet Cansolidate
C2: Use the consolidate . | Q2: Use the consolidate .
C3: Find the total sales of each product from year 17-16 to 19-18 | K3: (i.e. from Cansole 1 to 3) | Q3: Find the total sales of each product from year 17-16 to 19-18
C4: Find the max sales of each product from year 17-16 to 19-19 | Q4: Find the max sales of each product from year 17-16 to 19-19
C5: Find the min sales of each product from year 17-16 to 19-20 | Q5: Find the min sales of each product from year 17-16 to 19-20
C6: Find the average sales of each product from year 17-16 to 19-21 | Q6: Find the average sales of each product from year 17-16 to 19-21
C8: Note: | E8: In output header row and Product column should be there. | Q8: Note: | S8: In output header row and Product column should be there.
E9: If there will be any change in main data there should not be change in consolidated data. | S9: If there will be any change in main data set change should be reflected in consolidated data.
C11: Hint* : | E11: Will have 4 different table for each Question.
B14: SR NO | C14: TOTAL SALES | I14: MINIMUM SALES | N14: MAXIMUM SALES | S14: AVERAGE SALES
C15: QUATER | D15: 1 | E15: 2 | F15: 3 | G15: 4 | I15: 1 | J15: 2 | K15: 3 | L15: 4 | N15: 1 | O15: 2 | P15: 3 | Q15: 4 | S15: 1 | T15: 2 | U15: 3 | V15: 4
B17: 1 | C17: =cansole1!A3 -> Laptop | D17: 350000 | E17: 400015 | F17: 800000 | G17: 1190000 | I17: 50000 | J17: 100005 | K17: 200000 | L17: 320000 | N17: 200000 | O17: 200005 | P17: 400000 | Q17: 450000 | S17: 116666.67 | T17: 133338.33 | U17: 266666.67 | V17: 396666.67
B18: 2 | C18: =cansole1!A4 -> Mobile | D18: 700000 | E18: 1020000 | F18: 800000 | G18: 1600000 | I18: 200000 | J18: 320000 | K18: 200000 | L18: 400000 | N18: 300000 | O18: 350000 | P18: 300000 | Q18: 700000 | S18: 233333.33 | T18: 340000 | U18: 266666.67 | V18: 533333.33
B19: 3 | C19: =cansole1!A5 -> Washing Machine | D19: 370000 | E19: 430003 | F19: 480000 | G19: 510009 | I19: 100000 | J19: 120001 | K19: 150000 | L19: 160003 | N19: 150000 | O19: 160001 | P19: 180000 | Q19: 180003 | S19: 123333.33 | T19: 143334.33 | U19: 160000 | V19: 170003
B20: 4 | C20: =cansole1!A6 -> Smart Watches | D20: 80000 | E20: 170003 | F20: 110018 | G20: 190021 | I20: 20000 | J20: 50001 | K20: 30006 | L20: 60007 | N20: 40000 | O20: 70001 | P20: 40006 | Q20: 70007 | S20: 26666.667 | T20: 56667.667 | U20: 36672.667 | V20: 63340.333
B21: 5 | C21: =cansole1!A7 -> Tabs | D21: 260000 | E21: 300003 | F21: 340006 | G21: 265009 | I21: 70000 | J21: 100001 | K21: 80002 | L21: 85003 | N21: 100000 | O21: 100001 | P21: 180002 | Q21: 95003 | S21: 86666.667 | T21: 100001 | U21: 113335.33 | V21: 88336.333
B22: 6 | C22: =cansole1!A8 -> Smart Pens | D22: 63000 | E22: 84003 | F22: 95006 | G22: 109009 | I22: 20000 | J22: 24001 | K22: 25002 | L22: 33003 | N22: 23000 | O22: 35001 | P22: 35002 | Q22: 43003 | S22: 21000 | T22: 28001 | U22: 31668.667 | V22: 36336.333

Sheet Match
A1: Sales of Finacial Year 2018-19
A2: Product | B2: Q1 | C2: Q2 | D2: Q3 | E2: Q4 | H2: What is the Column Number of Q1.
A3: Laptop | B3: 100000 | C3: 100005 | D3: 200000 | E3: 320000 | H3: What is the column number of Smart Watches.
A4: Mobile | B4: 200000 | C4: 320000 | D4: 300000 | E4: 700000 | H4: What is the column number of Q4.
A5: Washing Machine | B5: 100000 | C5: 150001 | D5: 150000 | E5: 180003 | H5: What is the row number of 43,003.
A6: Smart Watches | B6: 20000 | C6: 50001 | D6: 30006 | E6: 70007 | H6: What is the row number of Q4.
A7: Tabs | B7: 100000 | C7: 100001 | D7: 80002 | E7: 95003
A8: Smart Pens | B8: 20000 | C8: 35001 | D8: 35002 | E8: 43003
A11: Q1 | B11: SW | C11: Q4 | D11: 43003 | E11: Q4
A12: =MATCH(B2,A2:E2,0) -> 2 | B12: =MATCH(A6,A6:E6,0) -> 1 | C12: =MATCH(E2,A2:E2,0) -> 5 | D12: =MATCH(E8,E1:E8,0) -> 8 | E12: =MATCH(E2,E1:E8,0) -> 2
